SEQKEY,Response,Creative,Marketing Segment,CHANNEL
UB00003103,N,A,13,Direct Mail
UB00004077,N,A,7,Email
UB00005900,N,A,7,Direct Mail
UB00006601,N,A,13,Email
UB00008227,N,A,35,Direct Mail
UB00024943,N,A,31,Email
UB00029348,N,A,13,Email
UB00043646,N,A,35,Email
UB00048470,N,A,13,Web
UB00048512,Y,A,13,Direct Mail
UB00049015,N,A,54,Email
UB00051888,N,A,13,Web
UB00052043,N,A,13,Direct Mail
UB00052571,N,A,54,Direct Mail
UB00055038,N,A,35,Direct Mail
UB00062661,N,A,35,Email
UB00065805,N,A,13,Web
UB00067793,N,A,13,Web
UB00070110,N,A,31,Web
UB00070359,N,A,31,Direct Mail
UB00075556,N,A,31,Email
UB00090365,N,A,32,Email
UB00100149,N,A,35,Direct Mail
UB00102145,N,A,13,Web
UB00104620,N,A,31,Email
UB00107003,N,A,35,Email
UB00120048,N,A,31,Email
UB00121665,N,A,31,Web
UB00124735,N,A,13,Direct Mail
UB00124826,N,A,13,Direct Mail
UB00131474,N,A,13,Web
UB00135202,Y,A,13,Direct Mail
UB00137158,N,A,35,Web
UB00137323,Y,A,1,Web
UB00152348,N,A,13,Email
UB00153114,N,A,54,Email
UB00158915,N,A,54,Direct Mail
UB00160374,N,A,54,Direct Mail
UB00162321,N,A,54,Direct Mail
UB00172403,N,A,7,Web
UB00175802,N,A,7,Web
UB00181404,N,A,7,Web
UB00184515,N,A,32,Direct Mail
UB00191023,N,A,13,Email
UB00191577,N,A,54,Web
UB00192724,N,A,31,Direct Mail
UB00194738,N,A,32,Email
UB00195735,N,A,13,Email
UB00198655,N,A,7,Email
UB00202523,N,A,13,Email
UB00202994,N,A,13,Email
UB00209338,N,A,13,Direct Mail
UB00209627,N,A,35,Web
UB00209726,Y,A,13,Email
UB00212456,N,A,31,Email
UB00213322,N,A,13,Web
UB00218347,N,A,13,Email
UB00218677,N,A,54,Direct Mail
UB00224485,N,A,54,Direct Mail
UB00235986,N,A,31,Direct Mail
UB00244640,N,A,35,Email
UB00246389,N,A,31,Web
UB00251553,N,A,35,Email
UB00252759,N,A,35,Direct Mail
UB00262659,N,A,54,Email
UB00268037,Y,A,1,Web
UB00273714,N,A,13,Web
UB00275230,N,A,35,Direct Mail
UB00281188,N,A,54,Direct Mail
UB00283572,N,A,54,Email
UB00289900,N,A,31,Email
UB00290668,N,A,35,Email
UB00292904,N,A,13,Direct Mail
UB00294637,N,A,13,Direct Mail
UB00296921,N,A,31,Email
UB00299404,N,A,13,Web
UB00308338,N,A,35,Email
UB00311100,N,A,1,Email
UB00311746,N,A,35,Web
UB00312678,N,A,1,Email
UB00320945,N,A,13,Direct Mail
UB00322727,N,A,13,Direct Mail
UB00323238,N,A,13,Email
UB00323436,N,A,32,Email
UB00326298,N,A,13,Direct Mail
UB00327239,N,A,35,Direct Mail
UB00327304,N,A,35,Email
UB00336016,N,A,32,Direct Mail
UB00344929,N,A,13,Direct Mail
UB00347534,N,A,13,Web
UB00351783,N,A,13,Direct Mail
UB00353581,N,A,13,Web
UB00361600,Y,A,13,Direct Mail
UB00377002,Y,A,13,Web
UB00383083,N,A,35,Web
UB00385831,N,A,35,Direct Mail
UB00391060,N,A,35,Web
UB00396887,N,A,35,Email
UB00398735,N,A,35,Email
UB00400945,N,A,35,Email
UB00403402,Y,A,1,Email
UB00405399,N,A,1,Web
UB00408732,N,A,7,Direct Mail
UB00438713,N,A,54,Email
UB00441329,N,A,13,Web
UB00446039,N,A,13,Email
UB00447714,Y,A,13,Direct Mail
UB00448142,N,A,13,Web
UB00449744,N,A,13,Web
UB00451765,Y,A,13,Email
UB00457465,N,A,1,Direct Mail
UB00462457,N,A,54,Direct Mail
UB00468975,Y,A,13,Email
UB00471490,N,A,13,Direct Mail
UB00476101,N,A,13,Email
UB00478479,N,A,13,Direct Mail
UB00483297,N,A,13,Web
UB00484279,N,A,35,Email
UB00486332,N,A,35,Email
UB00488205,N,A,35,Web
UB00489971,N,A,35,Email
UB00495358,N,A,35,Direct Mail
UB00505628,N,A,35,Email
UB00511311,N,A,35,Email
UB00515403,N,A,35,Web
UB00515502,Y,A,35,Direct Mail
UB00515650,N,A,35,Email
UB00520460,N,A,31,Email
UB00528075,N,A,35,Direct Mail
UB00537423,N,A,35,Email
UB00537860,N,A,13,Direct Mail
UB00537902,N,A,13,Web
UB00548685,N,A,13,Direct Mail
UB00550251,N,A,13,Web
UB00550285,N,A,13,Direct Mail
UB00551622,N,A,54,Direct Mail
UB00552075,N,A,35,Direct Mail
UB00557686,N,A,13,Direct Mail
UB00558940,N,A,35,Web
UB00575001,N,A,13,Email
UB00575589,N,A,13,Web
UB00575936,N,A,1,Email
UB00581439,N,A,13,Web
UB00583526,N,A,13,Direct Mail
UB00593566,N,A,35,Web
UB00594127,N,A,13,Email
UB00596502,N,A,13,Direct Mail
UB00602524,N,A,35,Email
UB00609297,N,A,35,Email
UB00617803,N,A,13,Email
UB00626986,N,A,35,Web
UB00631085,N,A,35,Direct Mail
UB00632224,N,A,35,Email
UB00633776,N,A,13,Email
UB00635482,N,A,13,Direct Mail
UB00636118,N,A,35,Direct Mail
UB00637108,N,A,13,Email
UB00639831,N,A,35,Email
UB00643650,N,A,13,Direct Mail
UB00647818,N,A,35,Email
UB00660787,N,A,1,Direct Mail
UB00663658,N,A,35,Email
UB00663971,N,A,35,Email
UB00667063,N,A,13,Web
UB00691014,N,A,13,Email
UB00691055,Y,A,13,Direct Mail
UB00691352,N,A,35,Direct Mail
UB00695205,N,A,13,Email
UB00701151,N,A,13,Email
UB00709022,N,A,13,Email
UB00709279,N,A,13,Email
UB00712174,N,A,35,Direct Mail
UB00718114,N,A,35,Email
UB00719815,N,A,35,Web
UB00720391,N,A,35,Email
UB00721605,N,A,35,Email
UB00723437,N,A,1,Web
UB00725978,Y,A,13,Web
UB00726588,N,A,35,Web
UB00727875,N,A,13,Web
UB00727958,N,A,13,Web
UB00729707,N,A,35,Email
UB00742957,N,A,13,Email
UB00743328,N,A,35,Email
UB00744250,N,A,35,Email
UB00745349,N,A,35,Direct Mail
UB00746628,Y,A,35,Email
UB00747865,N,A,35,Web
UB00748749,N,A,35,Email
UB00748848,N,A,54,Direct Mail
UB00753160,N,A,13,Direct Mail
UB00759464,N,A,13,Email
UB00768697,N,A,35,Web
UB00771188,N,A,35,Direct Mail
UB00771378,N,A,1,Email
UB00777177,N,A,35,Email
UB00786400,N,A,35,Direct Mail
UB00787952,N,A,35,Email
UB00794081,N,A,54,Web
UB00801266,N,A,35,Direct Mail
UB00804278,N,A,54,Web
UB00817338,N,A,59,Direct Mail
UB00817916,N,A,13,Web
UB00818955,N,A,13,Direct Mail
UB00823211,N,A,13,Direct Mail
UB00823302,N,A,13,Email
UB00828889,N,A,13,Direct Mail
UB00830000,N,A,13,Direct Mail
UB00839100,N,A,35,Direct Mail
UB00843268,N,A,13,Web
UB00845487,N,A,13,Email
UB00850016,N,A,35,Email
UB00852152,N,A,35,Direct Mail
UB00853432,N,A,35,Web
UB00855742,N,A,35,Direct Mail
UB00857003,Y,A,35,Email
UB00861864,N,A,13,Web
UB00879692,N,A,13,Email
UB00879858,N,A,13,Direct Mail
UB00879940,N,A,13,Web
UB00892612,N,A,35,Direct Mail
UB00906354,N,A,13,Direct Mail
UB00912428,N,A,13,Email
UB00913814,N,A,35,Direct Mail
UB00914010,N,A,13,Direct Mail
UB00914119,N,A,13,Web
UB00917328,N,A,35,Email
UB00919068,N,A,35,Direct Mail
UB00922047,N,A,13,Web
UB00923961,N,A,35,Email
UB00937854,N,A,35,Email
UB00940981,Y,A,13,Email
UB00946822,N,A,13,Direct Mail
UB00948281,N,A,13,Email
UB00948489,N,A,13,Email
UB00950485,N,A,13,Email
UB00951426,N,A,13,Direct Mail
UB00958579,N,A,35,Email
UB00966432,N,A,35,Email
UB00969972,N,A,35,Email
UB00982603,N,A,35,Email
UB00984294,N,A,35,Email
UB00984484,N,A,35,Email
UB01009315,N,A,13,Direct Mail
UB01021252,N,A,13,Direct Mail
UB01024140,N,A,13,Email
UB01024215,N,A,13,Email
UB01024447,N,A,35,Email
UB01024793,N,A,13,Email
UB01031228,N,A,13,Web
UB01035013,N,A,35,Direct Mail
UB01044767,N,A,31,Direct Mail
UB01046176,Y,A,59,Email
UB01048362,N,A,31,Email
UB01048529,N,A,13,Direct Mail
UB01054014,N,A,35,Email
UB01059005,N,A,13,Web
UB01059120,N,A,13,Direct Mail
UB01062520,N,A,13,Web
UB01062850,N,A,13,Email
UB01064955,N,A,13,Email
UB01073287,N,A,35,Email
UB01073618,N,A,13,Email
UB01078393,N,A,13,Email
UB01078419,N,A,13,Email
UB01081215,N,A,13,Direct Mail
UB01082312,N,A,13,Email
UB01082585,N,A,2,Direct Mail
UB01085745,N,A,13,Web
UB01097369,N,A,35,Web
UB01099159,N,A,35,Direct Mail
UB01105709,N,A,13,Email
UB01106327,N,A,13,Email
UB01112606,N,A,13,Email
UB01114248,N,A,13,Direct Mail
UB01122969,N,A,35,Email
UB01124270,N,A,35,Web
UB01125186,N,A,31,Email
UB01125863,N,A,35,Direct Mail
UB01129279,N,A,35,Email
UB01131200,N,A,35,Email
UB01140052,N,A,2,Email
UB01141696,Y,A,35,Direct Mail
UB01158732,N,A,13,Email
UB01161082,N,A,2,Direct Mail
UB01169598,N,A,35,Email
UB01170711,N,A,13,Web
UB01172253,N,A,31,Direct Mail
UB01173830,N,A,31,Email
UB01174416,N,A,35,Direct Mail
UB01176973,N,A,35,Email
UB01178631,N,A,2,Email
UB01181254,N,A,13,Web
UB01186550,Y,A,13,Email
UB01188697,N,A,35,Email
UB01189943,N,A,13,Web
UB01191667,N,A,13,Direct Mail
UB01195551,N,A,13,Direct Mail
UB01206481,N,A,2,Web
UB01206986,N,A,7,Email
UB01213487,Y,A,2,Direct Mail
UB01217272,N,A,59,Email
UB01217488,N,A,7,Web
UB01220227,N,A,2,Web
UB01224245,N,A,59,Email
UB01232057,N,A,13,Direct Mail
UB01232537,Y,A,2,Email
UB01233477,N,A,35,Direct Mail
UB01237098,N,A,13,Web
UB01238062,N,A,13,Web
UB01239573,N,A,2,Direct Mail
UB01240977,Y,A,13,Direct Mail
UB01249051,N,A,35,Web
UB01259373,N,A,13,Direct Mail
UB01267269,N,A,2,Email
UB01267293,N,A,2,Email
UB01270768,N,A,2,Direct Mail
UB01285386,N,A,13,Direct Mail
UB01285493,N,A,13,Email
UB01287150,Y,A,13,Email
UB01292655,N,A,13,Email
UB01293299,N,A,13,Direct Mail
UB01295732,N,A,13,Email
UB01308303,N,A,35,Web
UB01313618,N,A,35,Direct Mail
UB01315647,N,A,13,Email
UB01319102,Y,A,13,Email
UB01319771,N,A,59,Web
UB01321322,N,A,59,Email
UB01335991,N,A,35,Web
UB01339399,N,A,35,Direct Mail
UB01340975,N,A,35,Web
UB01357169,N,A,13,Email
UB01359249,N,A,2,Email
UB01361492,N,A,35,Email
UB01367812,N,A,13,Web
UB01369396,N,A,13,Direct Mail
UB01372879,N,A,13,Email
UB01376045,N,A,13,Email
UB01383801,N,A,2,Direct Mail
UB01385129,N,A,13,Email
UB01391267,N,A,33,Email
UB01394097,N,A,2,Direct Mail
UB01398700,Y,A,13,Web
UB01402783,N,A,2,Email
UB01405349,N,A,13,Email
UB01406263,N,A,2,Email
UB01407717,N,A,13,Direct Mail
UB01408871,N,A,13,Email
UB01408947,N,A,13,Email
UB01409630,N,A,13,Direct Mail
UB01412030,N,A,33,Email
UB01416130,N,A,13,Direct Mail
UB01419027,N,A,33,Email
UB01419423,N,A,13,Email
UB01422260,N,A,13,Web
UB01423318,N,A,35,Direct Mail
UB01428440,N,A,13,Email
UB01431014,N,A,35,Web
UB01431832,N,A,13,Web
UB01438795,N,A,35,Email
UB01439231,N,A,2,Direct Mail
UB01445626,N,A,35,Email
UB01446954,N,A,35,Email
UB01455203,N,A,13,Email
UB01468057,N,A,35,Email
UB01471382,N,A,34,Email
UB01479872,N,A,34,Direct Mail
UB01481035,N,A,2,Direct Mail
UB01484195,N,A,13,Web
UB01492735,N,A,13,Web
UB01494525,N,A,13,Email
UB01496975,N,A,32,Email
UB01500925,N,A,34,Email
UB01506476,N,A,13,Direct Mail
UB01506625,N,A,13,Web
UB01509470,N,A,13,Email
UB01514207,N,A,3,Email
UB01522168,N,A,13,Email
UB01522614,N,A,13,Email
UB01528975,N,A,10,Email
UB01529684,N,A,35,Web
UB01532977,N,A,35,Direct Mail
UB01536473,N,A,35,Direct Mail
UB01539774,N,A,13,Email
UB01540483,N,A,54,Email
UB01541580,N,A,13,Email
UB01541770,N,A,35,Web
UB01546712,N,A,13,Web
UB01549047,N,A,3,Direct Mail
UB01549526,N,A,35,Email
UB01552280,N,A,13,Direct Mail
UB01553015,N,A,35,Email
UB01575034,N,A,3,Email
UB01579838,N,A,35,Web
UB01581727,N,A,1,Email
UB01589951,N,A,56,Direct Mail
UB01597186,N,A,35,Web
UB01602556,N,A,35,Email
UB01605781,N,A,33,Direct Mail
UB01606458,Y,A,3,Email
UB01607662,N,A,35,Email
UB01617646,N,A,13,Web
UB01618206,N,A,13,Direct Mail
UB01619279,N,A,13,Web
UB01634682,N,A,7,Email
UB01649953,N,A,3,Direct Mail
UB01657402,N,A,7,Email
UB01663483,N,A,13,Web
UB01664796,N,A,34,Direct Mail
UB01666197,N,A,13,Email
UB01667179,Y,A,31,Email
UB01672567,N,A,31,Email
UB01672773,Y,A,3,Web
UB01678135,N,A,3,Direct Mail
UB01678655,N,A,35,Web
UB01680404,N,A,13,Email
UB01682970,N,A,54,Email
UB01684398,N,A,35,Email
UB01694736,N,A,35,Direct Mail
UB01700053,N,A,35,Email
UB01702778,N,A,35,Email
UB01703438,N,A,35,Email
UB01704337,N,A,32,Email
UB01710680,N,A,31,Web
UB01712371,N,A,31,Direct Mail
UB01712975,N,A,7,Direct Mail
UB01715481,N,A,34,Email
UB01724533,N,A,54,Direct Mail
UB01734334,N,A,56,Direct Mail
UB01735976,N,A,56,Email
UB01739788,N,A,13,Email
UB01739887,N,A,13,Direct Mail
UB01741461,N,A,13,Direct Mail
UB01743780,N,A,9,Email
UB01750694,N,A,9,Web
UB01754886,N,A,35,Email
UB01756550,N,A,35,Email
UB01775493,N,A,32,Direct Mail
UB01776756,N,A,9,Direct Mail
UB01816800,N,A,9,Email
UB01819697,N,A,35,Web
UB01822741,N,A,56,Email
UB01824366,N,A,13,Email
UB01824788,N,A,35,Web
UB01824937,N,A,35,Direct Mail
UB01825363,N,A,9,Direct Mail
UB01825520,N,A,9,Direct Mail
UB01826577,N,A,35,Direct Mail
UB01855758,N,A,33,Email
UB01859529,N,A,54,Email
UB01864131,N,A,35,Direct Mail
UB01865658,N,A,35,Email
UB01869908,N,A,54,Web
UB01873603,N,A,31,Email
UB01874320,N,A,35,Email
UB01893395,N,A,35,Email
UB01901339,N,A,32,Direct Mail
UB01902048,N,A,35,Direct Mail
UB01906296,N,A,31,Web
UB01907021,N,A,54,Web
UB01907351,N,A,59,Direct Mail
UB01921188,Y,A,13,Web
UB01931682,N,A,59,Direct Mail
UB01933597,N,A,56,Direct Mail
UB01940097,N,A,13,Web
UB01946698,N,A,1,Email
UB01947993,N,A,7,Web
UB01950831,N,A,59,Direct Mail
UB01951987,N,A,31,Web
UB01952373,N,A,59,Email
UB01953595,N,A,7,Direct Mail
UB01956663,N,A,7,Email
UB01958529,N,A,32,Email
UB01958941,N,A,1,Web
UB01962208,N,A,32,Web
UB01963032,N,A,35,Email
UB01964303,N,A,13,Web
UB01965615,N,A,32,Email
UB01969567,N,A,13,Web
UB01995331,N,A,13,Web
UB01997295,N,A,56,Direct Mail
UB02003564,N,A,35,Web
UB02003853,N,A,35,Web
UB02009058,N,A,35,Web
UB02009538,N,A,31,Direct Mail
UB02009678,N,A,31,Direct Mail
UB02010106,N,A,1,Direct Mail
UB02020147,N,A,1,Web
UB02027811,N,A,35,Direct Mail
UB02032688,N,A,31,Email
UB02039188,N,A,7,Direct Mail
UB02043966,N,A,10,Direct Mail
UB02051720,Y,A,31,Email
UB02057453,N,A,59,Direct Mail
UB02059210,N,A,59,Web
UB02059806,N,A,54,Email
UB02062925,N,A,13,Web
UB02065852,N,A,1,Email
UB02079747,N,A,13,Email
UB02093375,N,A,7,Direct Mail
UB02097731,N,A,10,Direct Mail
UB02097996,N,A,1,Direct Mail
UB02098804,N,A,1,Web
UB02108991,N,A,32,Email
UB02109734,N,A,13,Direct Mail
UB02111102,N,A,13,Email
UB02111706,N,A,10,Email
UB02116465,N,A,13,Web
UB02116945,N,A,54,Web
UB02118222,N,A,13,Web
UB02120442,N,A,31,Web
UB02122562,N,A,31,Web
UB02124568,N,A,59,Direct Mail
UB02127017,N,A,35,Web
UB02127140,N,A,35,Email
UB02128957,N,A,31,Email
UB02129138,N,A,31,Web
UB02130698,N,A,7,Web
UB02135325,N,A,31,Email
UB02139319,N,A,13,Email
UB02140663,N,A,31,Email
UB02160703,N,A,35,Email
UB02161461,N,A,54,Direct Mail
UB02162725,N,A,54,Email
UB02164986,N,A,54,Direct Mail
UB02165850,N,A,35,Email
UB02166049,N,A,35,Email
UB02166551,N,A,54,Web
UB02169282,N,A,35,Web
UB02179414,N,A,35,Direct Mail
UB02182491,N,A,13,Direct Mail
UB02192359,N,A,31,Web
UB02199594,N,A,32,Email
UB02200913,N,A,1,Email
UB02202836,N,A,32,Email
UB02205011,N,A,13,Direct Mail
UB02212496,N,A,35,Web
UB02214450,N,A,13,Direct Mail
UB02215671,N,A,35,Email
UB02224087,N,A,35,Web
UB02231355,N,A,13,Email
UB02234888,N,A,13,Direct Mail
UB02235216,N,A,35,Email
UB02235810,N,A,31,Direct Mail
UB02240448,N,A,13,Email
UB02242147,N,A,13,Email
UB02243301,N,A,35,Web
UB02249746,N,A,1,Email
UB02250876,N,A,13,Email
UB02250983,Y,A,7,Email
UB02251478,N,A,1,Email
UB02252005,N,A,35,Email
UB02261899,N,A,31,Direct Mail
UB02261956,N,A,31,Direct Mail
UB02266054,N,A,13,Web
UB02281558,N,A,13,Email
UB02283406,N,A,35,Web
UB02288348,Y,A,13,Direct Mail
UB02292720,N,A,1,Web
UB02294049,N,A,13,Email
UB02295574,N,A,35,Web
UB02299519,N,A,13,Direct Mail
UB02332161,N,A,13,Email
UB02333789,N,A,35,Email
UB02336980,N,A,35,Direct Mail
UB02348738,N,A,35,Direct Mail
UB02350445,N,A,35,Email
UB02354330,N,A,13,Direct Mail
UB02369452,N,A,13,Direct Mail
UB02374742,N,A,13,Web
UB02379329,N,A,13,Email
UB02381531,N,A,13,Email
UB02384683,N,A,13,Email
UB02387264,N,A,13,Direct Mail
UB02388528,N,A,13,Web
UB02391639,N,A,13,Web
UB02391886,N,A,13,Email
UB02401651,N,A,13,Email
UB02402345,N,A,13,Direct Mail
UB02406478,N,A,13,Email
UB02412450,N,A,35,Email
UB02416733,N,A,35,Web
UB02416949,N,A,35,Email
UB02420560,N,A,13,Email
UB02420792,N,A,13,Direct Mail
UB02436947,N,A,35,Web
UB02442903,N,A,13,Email
UB02443794,N,A,35,Email
UB02445765,Y,A,35,Direct Mail
UB02455822,N,A,13,Web
UB02464196,N,A,35,Email
UB02465722,N,A,35,Email
UB02468197,N,A,35,Web
UB02468700,N,A,13,Direct Mail
UB02469203,N,A,35,Email
UB02472538,N,A,35,Direct Mail
UB02474443,N,A,35,Email
UB02474914,N,A,13,Email
UB02482594,N,A,13,Email
UB02482701,N,A,13,Email
UB02485522,N,A,13,Email
UB02486751,N,A,35,Direct Mail
UB02490191,N,A,35,Web
UB02491579,N,A,35,Email
UB02492148,N,A,13,Web
UB02493740,N,A,35,Email
UB02494078,N,A,13,Email
UB02495877,N,A,13,Direct Mail
UB02505832,N,A,13,Web
UB02507598,N,A,13,Direct Mail
UB02508075,N,A,13,Email
UB02518124,N,A,13,Email
UB02526515,N,A,13,Email
UB02530038,N,A,13,Email
UB02544062,N,A,13,Web
UB02544260,N,A,13,Email
UB02546059,N,A,13,Web
UB02546620,N,A,54,Web
UB02556074,N,A,13,Web
UB02558088,N,A,13,Email
UB02564557,N,A,13,Email
UB02567691,N,A,35,Email
UB02574036,N,A,35,Email
UB02574267,N,A,32,Web
UB02578631,N,A,35,Email
UB02590230,N,A,35,Email
UB02592012,N,A,35,Email
UB02593515,N,A,35,Email
UB02604627,N,A,13,Direct Mail
UB02606515,N,A,13,Web
UB02607067,N,A,13,Web
UB02617900,N,A,13,Email
UB02619039,N,A,13,Direct Mail
UB02619070,N,A,13,Email
UB02621241,N,A,7,Web
UB02645166,N,A,13,Direct Mail
UB02646008,N,A,35,Email
UB02648111,Y,A,13,Direct Mail
UB02649622,N,A,13,Direct Mail
UB02652964,N,A,35,Email
UB02656841,N,A,13,Email
UB02660520,N,A,35,Direct Mail
UB02661783,N,A,13,Direct Mail
UB02666436,N,A,35,Email
UB02667913,N,A,54,Email
UB02670719,N,A,13,Email
UB02670982,N,A,35,Web
UB02680205,N,A,31,Email
UB02682144,N,A,35,Email
UB02685527,N,A,35,Email
UB02689222,N,A,35,Direct Mail
UB02699502,N,A,13,Email
UB02701928,N,A,35,Web
UB02706364,Y,A,35,Email
UB02709137,N,A,35,Email
UB02712305,N,A,13,Email
UB02715027,N,A,13,Direct Mail
UB02716702,N,A,13,Direct Mail
UB02727188,N,A,13,Direct Mail
UB02728608,N,A,35,Email
UB02733319,N,A,13,Direct Mail
UB02740991,N,A,35,Email
UB02744431,N,A,35,Email
UB02745081,Y,A,54,Email
UB02745495,N,A,13,Direct Mail
UB02751220,N,A,35,Email
UB02753317,N,A,13,Direct Mail
UB02758506,Y,A,35,Email
UB02759884,N,A,13,Web
UB02761534,N,A,13,Email
UB02762029,N,A,35,Email
UB02764652,N,A,7,Email
UB02770527,N,A,13,Direct Mail
UB02780294,N,A,31,Web
UB02781052,N,A,13,Email
UB02781912,N,A,13,Email
UB02786150,N,A,13,Email
UB02787554,N,A,35,Email
UB02788032,N,A,13,Direct Mail
UB02789147,N,A,31,Web
UB02789980,Y,A,13,Email
UB02796217,N,A,13,Email
UB02797165,Y,A,1,Email
UB02801710,N,A,13,Direct Mail
UB02805208,N,A,13,Web
UB02805463,N,A,13,Email
UB02805521,N,A,13,Direct Mail
UB02807311,Y,A,13,Direct Mail
UB02810984,N,A,54,Email
UB02818896,N,A,13,Email
UB02820389,N,A,1,Email
UB02827491,N,A,35,Email
UB02828135,N,A,35,Web
UB02828317,N,A,7,Direct Mail
UB02832145,N,A,35,Email
UB02840353,N,A,35,Direct Mail
UB02841732,N,A,35,Email
UB02844470,N,A,54,Email
UB02846996,N,A,13,Email
UB02847259,N,A,35,Email
UB02847630,N,A,13,Web
UB02850808,N,A,54,Email
UB02865616,N,A,13,Email
UB02866804,N,A,13,Web
UB02868511,N,A,13,Web
UB02872661,N,A,35,Email
UB02875359,N,A,7,Web
UB02882892,N,A,1,Direct Mail
UB02891505,N,A,1,Email
UB02894046,N,A,13,Email
UB02895977,N,A,13,Email
UB02899730,N,A,35,Web
UB02906436,N,A,1,Web
UB02907285,N,A,13,Direct Mail
UB02908812,N,A,7,Direct Mail
UB02909802,N,A,13,Direct Mail
UB02909828,N,A,13,Web
UB02916930,N,A,13,Email
UB02924397,N,A,35,Email
UB02931558,N,A,1,Direct Mail
UB02933141,N,A,1,Email
UB02934172,N,A,35,Web
UB02939205,N,A,35,Email
UB02940963,N,A,35,Email
UB02943454,N,A,35,Email
UB02944759,N,A,35,Web
UB02950715,N,A,7,Direct Mail
UB02954717,N,A,1,Direct Mail
UB02955409,N,A,13,Web
UB02961340,N,A,13,Web
UB02974582,N,A,13,Web
UB02974665,N,A,13,Direct Mail
UB02979540,Y,A,13,Direct Mail
UB02983039,N,A,35,Email
UB02983914,N,A,35,Email
UB02989119,N,A,35,Web
UB02993665,N,A,13,Direct Mail
UB03002060,N,A,35,Email
UB03007457,N,A,35,Direct Mail
UB03018686,N,A,13,Web
UB03020377,N,A,13,Email
UB03025509,N,A,35,Email
UB03030046,N,A,13,Web
UB03033362,N,A,13,Email
UB03035847,N,A,1,Direct Mail
UB03040060,N,A,13,Email
UB03040144,N,A,13,Email
UB03044583,N,A,1,Direct Mail
UB03051356,N,A,1,Web
UB03061215,N,A,35,Email
UB03061256,N,A,35,Email
UB03066735,N,A,35,Email
UB03068046,N,A,35,Email
UB03073574,N,A,35,Email
UB03073962,N,A,1,Email
UB03075918,N,A,13,Email
UB03077823,N,A,13,Email
UB03079563,N,A,13,Web
UB03093507,N,A,13,Direct Mail
UB03100443,N,A,32,Web
UB03104296,N,A,35,Direct Mail
UB03116233,Y,A,1,Web
UB03121142,N,A,13,Web
UB03121498,N,A,1,Email
UB03122314,N,A,13,Email
UB03122397,Y,A,13,Web
UB03126836,N,A,13,Web
UB03129699,N,A,1,Web
UB03130036,N,A,35,Email
UB03130630,N,A,13,Email
UB03132180,N,A,13,Web
UB03135928,N,A,35,Email
UB03137189,N,A,35,Direct Mail
UB03154747,N,A,13,Email
UB03156361,N,A,13,Web
UB03158763,N,A,13,Email
UB03160041,N,A,13,Email
UB03165701,Y,A,13,Direct Mail
UB03166535,N,A,35,Email
UB03168069,N,A,35,Direct Mail
UB03170594,N,A,13,Email
UB03171238,N,A,32,Email
UB03192465,N,A,35,Email
UB03195435,N,A,35,Email
UB03200045,N,A,35,Direct Mail
UB03200730,N,A,13,Direct Mail
UB03204641,N,A,13,Direct Mail
UB03205416,N,A,13,Web
UB03206182,N,A,35,Web
UB03208840,N,A,13,Email
UB03210333,N,A,35,Email
UB03210481,N,A,13,Direct Mail
UB03211034,N,A,35,Direct Mail
UB03214301,N,A,13,Email
UB03235793,N,A,35,Direct Mail
UB03238383,N,A,35,Email
UB03238631,N,A,35,Direct Mail
UB03243557,N,A,35,Email
UB03257623,N,A,13,Email
UB03258795,N,A,35,Web
UB03265469,N,A,13,Email
UB03273992,N,A,35,Direct Mail
UB03276078,Y,A,13,Web
UB03286713,N,A,35,Direct Mail
UB03288545,N,A,35,Email
UB03291630,N,A,13,Email
UB03294717,N,A,35,Direct Mail
UB03295706,N,A,35,Email
UB03299419,N,A,54,Direct Mail
UB03300589,N,A,13,Direct Mail
UB03301710,N,A,35,Direct Mail
UB03305356,N,A,13,Web
UB03318482,N,A,31,Email
UB03326618,N,A,13,Direct Mail
UB03329950,N,A,13,Email
UB03334075,N,A,1,Email
UB03334695,N,A,35,Email
UB03334828,N,A,35,Email
UB03336542,N,A,35,Direct Mail
UB03337888,Y,A,1,Email
UB03337953,N,A,1,Email
UB03338944,N,A,13,Email
UB03340460,N,A,13,Direct Mail
UB03343407,N,A,13,Email
UB03343753,N,A,13,Email
UB03345642,Y,A,13,Direct Mail
UB03346012,N,A,13,Email
UB03348430,N,A,7,Web
UB03349164,N,A,13,Direct Mail
UB03349529,N,A,13,Web
UB03350014,N,A,7,Direct Mail
UB03352309,N,A,35,Email
UB03356920,N,A,54,Email
UB03375524,N,A,13,Email
UB03376829,N,A,35,Email
UB03377132,N,A,13,Direct Mail
UB03378197,N,A,35,Direct Mail
UB03381167,Y,A,1,Direct Mail
UB03383973,N,A,35,Email
UB03386810,Y,A,13,Direct Mail
UB03388550,N,A,13,Email
UB03390150,N,A,13,Web
UB03392677,N,A,35,Web
UB03394228,N,A,35,Email
UB03402922,N,A,35,Email
UB03406634,N,A,35,Email
UB03413671,N,A,35,Email
UB03422946,N,A,35,Email
UB03430279,N,A,13,Direct Mail
UB03437498,N,A,13,Web
UB03437969,N,A,33,Email
UB03450962,N,A,32,Email
UB03455300,N,A,10,Email
UB03455524,N,A,1,Direct Mail
UB03464120,N,A,32,Email
UB03466646,N,A,54,Email
UB03476470,N,A,7,Email
UB03481066,N,A,13,Web
UB03487154,N,A,13,Email
UB03489465,N,A,13,Email
UB03492972,N,A,13,Email
UB03500410,N,A,10,Web
UB03505963,N,A,1,Direct Mail
UB03511862,N,A,13,Direct Mail
UB03513702,N,A,13,Email
UB03522810,N,A,10,Email
UB03529658,N,A,35,Web
UB03532165,N,A,35,Email
UB03534997,Y,A,10,Email
UB03536810,Y,A,10,Email
UB03540184,N,A,10,Email
UB03546678,N,A,13,Direct Mail
UB03548765,Y,A,13,Web
UB03557063,N,A,13,Email
UB03559028,N,A,13,Email
UB03573730,N,A,35,Email
UB03576899,N,A,7,Email
UB03581154,Y,A,13,Direct Mail
UB03581584,N,A,13,Direct Mail
UB03584356,N,A,13,Web
UB03584414,N,A,13,Email
UB03586260,N,A,13,Web
UB03586575,N,A,13,Web
UB03593456,N,A,35,Email
UB03598091,N,A,13,Direct Mail
UB03599602,N,A,13,Email
UB03602919,N,A,13,Email
UB03603677,N,A,9,Direct Mail
UB03604790,N,A,13,Email
UB03605102,N,A,13,Web
UB03627445,Y,A,13,Web
UB03629359,N,A,13,Email
UB03631140,N,A,13,Direct Mail
UB03637964,N,A,13,Email
UB03648946,N,A,35,Direct Mail
UB03650751,N,A,35,Web
UB03651692,N,A,35,Email
UB03654076,N,A,35,Email
UB03660354,N,A,35,Email
UB03664653,N,A,13,Web
UB03665734,N,A,35,Email
UB03671922,N,A,54,Email
UB03673902,N,A,7,Web
UB03676780,N,A,13,Email
UB03683208,N,A,9,Email
UB03685013,N,A,9,Web
UB03710712,N,A,13,Direct Mail
UB03712973,N,A,13,Direct Mail
UB03715752,N,A,13,Email
UB03721594,N,A,35,Web
UB03724473,N,A,13,Email
UB03729761,N,A,13,Email
UB03736444,N,A,13,Email
UB03743176,N,A,35,Email
UB03746005,N,A,35,Email
UB03748530,N,A,13,Email
UB03750130,N,A,13,Email
UB03750320,N,A,13,Email
UB03751211,Y,A,13,Web
UB03751906,N,A,13,Email
UB03755337,N,A,13,Email
UB03763315,N,A,35,Web
UB03771037,N,A,35,Email
UB03774908,N,A,35,Email
UB03785144,N,A,35,Direct Mail
UB03789971,N,A,13,Email
UB03792744,N,A,35,Email
UB03797990,N,A,35,Email
UB03798915,N,A,35,Web
UB03800430,N,A,35,Email
UB03806080,N,A,35,Web
UB03808433,N,A,13,Direct Mail
UB03810595,N,A,13,Direct Mail
UB03818788,N,A,35,Direct Mail
UB03819687,N,A,35,Email
UB03824695,N,A,35,Direct Mail
UB03825049,N,A,13,Direct Mail
UB03826468,N,A,13,Web
UB03826831,N,A,13,Web
UB03832680,N,A,35,Web
UB03833142,N,A,13,Direct Mail
UB03834991,N,A,35,Direct Mail
UB03843620,N,A,35,Direct Mail
UB03850146,N,A,34,Web
UB03857240,N,A,34,Email
UB03859345,N,A,13,Email
UB03859527,N,A,13,Web
UB03863115,N,A,13,Email
UB03863891,N,A,13,Direct Mail
UB03863917,Y,A,13,Email
UB03872090,N,A,9,Direct Mail
UB03876232,N,A,34,Direct Mail
UB03884517,N,A,13,Web
UB03885209,N,A,13,Email
UB03885712,N,A,35,Direct Mail
UB03890282,N,A,13,Email
UB03892411,N,A,35,Direct Mail
UB03898434,N,A,13,Web
UB03899317,N,A,35,Web
UB03905213,N,A,9,Direct Mail
UB03905627,N,A,34,Web
UB03906278,N,A,35,Email
UB03907268,N,A,35,Direct Mail
UB03907607,N,A,13,Email
UB03907706,N,A,13,Direct Mail
UB03911351,N,A,35,Email
UB03922812,N,A,35,Email
UB03925484,N,A,35,Web
UB03940590,N,A,35,Email
UB03941416,N,A,9,Direct Mail
UB03943420,N,A,35,Email
UB03951621,N,A,13,Email
UB03954955,N,A,13,Direct Mail
UB03956851,N,A,13,Email
UB03958238,N,A,13,Email
UB03960028,N,A,13,Email
UB03963659,N,A,13,Email
UB03967395,N,A,9,Email
UB03967833,N,A,35,Email
UB03976859,Y,A,10,Email
UB03977139,N,A,35,Email
UB03993052,N,A,13,Email
UB04021762,Y,A,33,Email
UB04036729,N,A,9,Email
UB04041604,N,A,35,Web
UB04041620,N,A,35,Email
UB04043659,N,A,9,Email
UB04045118,N,A,35,Direct Mail
UB04053773,N,A,35,Email
UB04057675,N,A,9,Email
UB04067120,N,A,13,Email
UB04071056,Y,A,13,Web
UB04081618,N,A,13,Direct Mail
UB04087862,Y,A,13,Web
UB04088217,Y,A,10,Email
UB04091153,N,A,56,Web
UB04091484,N,A,13,Email
UB04093332,N,A,10,Direct Mail
UB04110615,N,A,35,Email
UB65018756,N,B,7,Web
UB65023731,N,B,7,Email
UB65024416,Y,B,1,Direct Mail
UB65027112,N,B,7,Email
UB65038960,N,B,10,Web
UB65055592,N,B,54,Direct Mail
UB65066649,N,B,7,Email
UB65071003,N,B,54,Web
UB65094161,N,B,10,Email
UB65096851,N,B,7,Direct Mail
UB65112963,Y,B,1,Web
UB65114712,N,B,1,Email
UB65116220,Y,B,1,Email
UB65117285,Y,B,1,Direct Mail
UB65133308,N,B,1,Web
UB65144032,N,B,1,Email
UB65172843,N,B,10,Web
UB65212474,N,B,7,Direct Mail
UB65214181,N,B,7,Email
UB65224669,N,B,54,Email
UB65270555,N,B,54,Direct Mail
UB65281719,N,B,54,Direct Mail
UB65281834,Y,B,54,Web
UB65282592,N,B,54,Direct Mail
UB65292435,N,B,54,Email
UB65297111,N,B,54,Email
UB65316689,N,B,10,Direct Mail
UB65332454,N,B,1,Direct Mail
UB65360505,N,B,54,Email
UB65367617,Y,B,54,Email
UB65367708,N,B,54,Web
UB65368292,N,B,54,Email
UB65368540,Y,B,1,Web
UB65392367,N,B,54,Web
UB65394470,N,B,54,Email
UB65395220,N,B,7,Direct Mail
UB65395295,N,B,7,Email
UB65406241,Y,B,54,Direct Mail
UB65410177,N,B,7,Web
UB65436016,N,B,1,Direct Mail
UB65438798,N,B,7,Email
UB65450918,N,B,1,Web
UB65464497,N,B,7,Email
UB65478042,N,B,1,Web
UB65507899,N,B,1,Direct Mail
UB65508467,N,B,7,Email
UB65517716,N,B,1,Direct Mail
UB65586224,N,B,54,Direct Mail
UB65607814,N,B,54,Direct Mail
UB65610537,N,B,10,Email
UB65654683,N,B,7,Direct Mail
UB65680746,N,B,10,Direct Mail
UB65702789,N,B,7,Direct Mail
UB65704371,Y,B,7,Web
UB65718264,N,B,54,Direct Mail
UB65729170,N,B,7,Email
UB65731325,N,B,7,Web
UB65731408,N,B,7,Web
UB65733768,N,B,10,Email
UB65737363,N,B,10,Email
UB65752974,N,B,1,Web
UB65774739,N,B,1,Direct Mail
UB65775470,N,B,54,Email
UB65776510,N,B,1,Direct Mail
UB65781270,N,B,1,Web
UB65818361,N,B,54,Email
UB65832941,N,B,10,Email
UB65836686,N,B,54,Email
UB65847097,N,B,54,Email
UB65847907,N,B,54,Email
UB65849879,N,B,10,Email
UB65857468,N,B,1,Direct Mail
UB65860082,N,B,54,Email
UB65861692,N,B,54,Direct Mail
UB65881781,N,B,1,Direct Mail
UB65881948,N,B,10,Direct Mail
UB65904880,N,B,10,Email
UB65905812,N,B,10,Direct Mail
UB65915852,N,B,54,Direct Mail
UB65929416,N,B,10,Email
UB65932477,N,B,1,Direct Mail
UB65941486,N,B,54,Email
UB65943078,N,B,54,Direct Mail
UB65951865,N,B,10,Web
UB65955676,N,B,54,Email
UB65964751,N,B,54,Email
UB66002726,N,B,1,Email
UB66020033,N,B,1,Direct Mail
UB66030453,N,B,54,Email
UB66032103,N,B,54,Web
UB66033416,N,B,10,Direct Mail
UB66041146,N,B,7,Email
UB66041716,N,B,1,Email
UB66048398,Y,B,54,Web
UB66048414,N,B,54,Email
UB66049321,Y,B,1,Direct Mail
UB66051806,N,B,54,Direct Mail
UB66065582,N,B,1,Web
UB66079310,N,B,10,Email
UB66104100,N,B,54,Email
UB66112715,N,B,7,Direct Mail
UB66151473,N,B,54,Direct Mail
UB66155599,N,B,54,Direct Mail
UB66158445,N,B,54,Direct Mail
UB66161407,N,B,10,Web
UB66191289,N,B,1,Email
UB66210329,N,B,7,Email
UB66210451,Y,B,1,Direct Mail
UB66215294,N,B,54,Web
UB66217324,N,B,7,Direct Mail
UB66242025,N,B,54,Email
UB66250366,N,B,1,Email
UB66250424,N,B,1,Web
UB66262064,N,B,1,Direct Mail
UB66275892,N,B,10,Web
UB66281098,N,B,10,Email
UB66290552,N,B,10,Email
UB66296419,N,B,54,Direct Mail
UB66303207,N,B,54,Email
UB66316985,N,B,54,Email
UB66319849,N,B,1,Direct Mail
UB66328485,N,B,54,Email
UB66338088,N,B,1,Email
UB66350372,N,B,10,Email
UB66352394,N,B,10,Email
UB66353582,N,B,54,Email
UB66356205,N,B,1,Web
UB66358797,N,B,1,Web
UB66382151,N,B,10,Web
UB66391608,N,B,10,Email
UB66394115,N,B,54,Email
UB66419730,N,B,7,Web
UB66421462,N,B,7,Direct Mail
UB66466194,N,B,54,Direct Mail
UB66497207,N,B,1,Web
UB66503640,Y,B,1,Direct Mail
UB66511866,N,B,54,Email
UB66532458,N,B,7,Direct Mail
UB66547019,N,B,54,Email
UB66552217,N,B,7,Email
UB66563818,N,B,7,Email
UB66565425,N,B,7,Direct Mail
UB66610320,N,B,10,Direct Mail
UB66621376,N,B,7,Direct Mail
UB66685603,N,B,54,Email
UB66708264,N,B,54,Web
UB66722786,N,B,54,Web
UB66725276,N,B,7,Direct Mail
UB66729633,N,B,54,Direct Mail
UB66747296,N,B,10,Direct Mail
UB66774043,N,B,1,Email
UB66782194,N,B,7,Email
UB66788225,N,B,1,Email
UB66804915,N,B,54,Direct Mail
UB66806290,N,B,54,Direct Mail
UB66807660,N,B,1,Email
UB66818444,N,B,54,Direct Mail
UB66822297,N,B,1,Direct Mail
UB66857327,N,B,7,Email
UB66866724,N,B,54,Email
UB66874157,N,B,54,Direct Mail
UB66874181,N,B,54,Email
UB66880105,N,B,1,Web
UB66896739,N,B,54,Email
UB66904020,N,B,1,Web
UB66906058,N,B,1,Direct Mail
UB66916677,N,B,54,Direct Mail
UB66922899,N,B,54,Direct Mail
UB66933797,N,B,10,Email
UB66955253,N,B,1,Direct Mail
UB66963976,N,B,7,Direct Mail
UB67000596,N,B,54,Web
UB67000828,N,B,54,Direct Mail
UB67032474,N,B,54,Web
UB67047530,N,B,1,Email
UB67048116,N,B,54,Direct Mail
UB67051474,N,B,1,Email
UB67058792,N,B,7,Web
UB67063982,N,B,7,Email
UB67064931,N,B,54,Email
UB67072918,N,B,54,Direct Mail
UB67100511,N,B,7,Direct Mail
UB67103689,N,B,1,Email
UB67105759,N,B,7,Email
UB67111880,N,B,1,Web
UB67119677,N,B,7,Email
UB67120998,N,B,1,Email
UB67147470,N,B,1,Direct Mail
UB67150474,Y,B,1,Email
UB67155226,Y,B,1,Web
UB67170902,Y,B,1,Email
UB67171504,Y,B,1,Email
UB67187567,N,B,10,Direct Mail
UB67209403,N,B,54,Web
UB67211151,N,B,10,Web
UB67213462,N,B,54,Email
UB67229351,N,B,54,Email
UB67232983,N,B,54,Email
UB67235945,N,B,1,Direct Mail
UB67248443,N,B,1,Email
UB67273649,N,B,10,Email
UB67290791,N,B,10,Email
UB67333948,N,B,7,Email
UB67346064,N,B,7,Web
UB67353656,N,B,54,Email
UB67355396,N,B,54,Web
UB67366310,N,B,54,Email
UB67369355,N,B,10,Web
UB67371880,N,B,1,Web
UB67380097,N,B,54,Email
UB67385443,N,B,7,Email
UB67406603,N,B,54,Direct Mail
UB67424085,N,B,54,Email
UB67439240,N,B,1,Email
UB67454785,N,B,7,Email
UC00012773,N,C,15,Email
UC00016980,N,C,1,Email
UC00033787,Y,C,16,Direct Mail
UC00046193,N,C,1,Direct Mail
UC00061622,N,C,16,Email
UC00065995,N,C,17,Email
UC00072009,N,C,14,Email
UC00076398,N,C,54,Email
UC00088682,N,C,54,Email
UC00108001,N,C,17,Email
UC00120220,N,C,58,Email
UC00136390,N,C,54,Email
UC00144477,N,C,58,Email
UC00168161,N,C,16,Direct Mail
UC00185710,Y,C,7,Email
UC00242388,N,C,4,Email
UC00264655,N,C,7,Email
UC00275941,N,C,4,Email
UC00277707,N,C,4,Direct Mail
UC00279935,N,C,58,Email
UC00284067,N,C,1,Email
UC00292136,N,C,17,Email
UC00294280,N,C,1,Direct Mail
UC00342550,N,C,4,Direct Mail
UC00346692,N,C,58,Email
UC00347906,N,C,4,Email
UC00353573,N,C,58,Direct Mail
UC00356634,Y,C,4,Direct Mail
UC00376558,N,C,11,Web
UC00385559,N,C,11,Web
UC00388413,N,C,1,Email
UC00417089,N,C,1,Direct Mail
UC00421792,N,C,11,Email
UC00423707,N,C,58,Email
UC00425306,N,C,11,Web
UC00430231,N,C,4,Direct Mail
UC00445528,N,C,54,Email
UC00476069,N,C,54,Email
UC00493247,N,C,4,Email
UC00510701,N,C,4,Email
UC00516393,Y,C,11,Web
UC00542167,Y,C,1,Direct Mail
UC00545939,N,C,1,Email
UC00549048,Y,C,54,Email
UC00553834,N,C,17,Direct Mail
UC00557801,N,C,54,Web
UC00567222,N,C,4,Email
UC00573766,N,C,54,Direct Mail
UC00600536,N,C,54,Email
UC00611673,N,C,54,Email
UC00619643,N,C,54,Email
UC00626580,N,C,16,Direct Mail
UC00629279,N,C,54,Email
UC00630426,N,C,58,Email
UC00649731,N,C,54,Direct Mail
UC00656447,N,C,58,Email
UC00667881,N,C,54,Email
UC00671990,N,C,15,Direct Mail
UC00682328,N,C,15,Email
UC00692731,N,C,15,Web
UC00711853,N,C,54,Email
UC00712315,N,C,17,Direct Mail
UC00739169,N,C,54,Web
UC00756882,N,C,7,Direct Mail
UC00762526,N,C,16,Web
UC00812743,N,C,54,Direct Mail
UC00823724,N,C,15,Email
UC00844092,N,C,14,Web
UC00852939,N,C,54,Web
UC00855114,N,C,16,Web
UC00855536,N,C,54,Web
UC00855700,N,C,11,Direct Mail
UC00868497,N,C,7,Email
UC00871624,N,C,54,Direct Mail
UC00882688,N,C,14,Direct Mail
UC00908426,N,C,11,Web
UC00942615,N,C,15,Direct Mail
UC00942714,N,C,11,Direct Mail
UC00942748,N,C,11,Direct Mail
UC00970939,N,C,7,Direct Mail
UC00995787,N,C,7,Direct Mail
UC01000843,N,C,14,Direct Mail
UC01007681,N,C,11,Direct Mail
UC01026343,N,C,14,Web
UC01036862,N,C,11,Direct Mail
UC01043884,N,C,14,Email
UC01045582,N,C,11,Email
UC01068535,Y,C,54,Web
UC01092444,N,C,7,Direct Mail
UC01112002,N,C,1,Email
UC01118264,N,C,7,Web
UC01127083,Y,C,16,Web
UC01186931,N,C,54,Direct Mail
UC01203819,Y,C,16,Email
UC01232792,N,C,54,Direct Mail
UC01246073,N,C,54,Web
UC01246644,N,C,14,Email
UC01269505,N,C,1,Email
UC01275106,N,C,15,Email
UC01276500,Y,C,7,Direct Mail
UC01291715,N,C,56,Email
UC01305788,N,C,56,Direct Mail
UC01323716,N,C,16,Email
UC01374560,N,C,1,Direct Mail
UC01403013,N,C,56,Direct Mail
UC01404052,N,C,1,Web
UC01431261,N,C,7,Direct Mail
UC01436955,Y,C,1,Email
UC01462670,N,C,16,Email
UC01464163,N,C,15,Email
UC01464346,Y,C,16,Direct Mail
UC01481290,N,C,56,Email
UC01484120,N,C,15,Email
UC01527084,N,C,15,Email
UC01527738,N,C,16,Direct Mail
UC01536622,N,C,14,Email
UC01574391,N,C,1,Web
UC01593938,N,C,15,Direct Mail
UC01602168,Y,C,16,Web
UC01606839,N,C,7,Email
UC01606953,N,C,15,Email
UC01613199,N,C,15,Email
UC01614106,N,C,15,Direct Mail
UC01619287,N,C,15,Email
UC01627181,N,C,16,Direct Mail
UC01629757,N,C,16,Email
UC01669621,N,C,16,Web
UC01670462,N,C,16,Email
UC01670660,N,C,16,Email
UC01694751,N,C,15,Direct Mail
UC01700038,N,C,15,Direct Mail
UC01729243,N,C,1,Direct Mail
UC01733930,N,C,5,Email
UC01735497,N,C,5,Email
UC01749522,N,C,5,Email
UC01777515,N,C,5,Direct Mail
UC01782093,N,C,16,Direct Mail
UC01792357,N,C,54,Email
UC01808815,N,C,16,Email
UC01809557,N,C,16,Direct Mail
UC01814599,N,C,16,Email
UC01816529,N,C,16,Web
UC01826882,N,C,16,Direct Mail
UC01828466,N,C,5,Email
UC01857937,N,C,15,Email
UC01859123,N,C,15,Email
UC01861830,N,C,5,Web
UC01863216,N,C,15,Email
UC01876119,N,C,11,Email
UC01877380,N,C,15,Direct Mail
UC01916618,N,C,11,Direct Mail
UC01918358,N,C,11,Email
UC01940089,N,C,11,Email
UC01973130,N,C,11,Email
UC01975853,N,C,17,Email
UC01980127,N,C,11,Email
UC01995927,N,C,14,Web
UC02037091,N,C,17,Direct Mail
UC02037711,N,C,16,Email
UC02040764,N,C,11,Direct Mail
UC02041754,N,C,16,Email
UC02045151,N,C,16,Direct Mail
UC02046795,N,C,16,Email
UC02048536,N,C,16,Email
UC02053767,N,C,16,Email
UC02065373,N,C,1,Direct Mail
UC02072783,N,C,11,Direct Mail
UC02093953,N,C,54,Email
UC02097889,Y,C,1,Direct Mail
UC02121929,N,C,15,Direct Mail
UC02123982,N,C,14,Direct Mail
UC02140218,N,C,7,Web
UC02144426,N,C,54,Direct Mail
UC02148401,N,C,54,Web
UC02157048,N,C,11,Direct Mail
UC02161693,N,C,54,Direct Mail
UC02181949,N,C,1,Email
UC02187334,N,C,15,Web
UC02195402,N,C,17,Email
UC02201572,N,C,11,Direct Mail
UC02201622,N,C,11,Email
UC02206134,Y,C,17,Direct Mail
UC02218543,N,C,15,Email
UC02229680,N,C,16,Direct Mail
UC02230712,N,C,16,Email
UC02231363,N,C,16,Email
UC02232650,N,C,16,Email
UC02239945,Y,C,54,Web
UC02245884,N,C,17,Direct Mail
UC02253706,N,C,54,Email
UC02257053,N,C,16,Web
UC02292225,N,C,16,Direct Mail
UC02306827,N,C,17,Email
UC02330249,N,C,7,Web
UC02334795,N,C,17,Web
UC02336923,N,C,15,Email
UC02361962,N,C,15,Direct Mail
UC02369353,N,C,54,Direct Mail
UC02371425,N,C,17,Direct Mail
UC02374841,N,C,17,Email
UC02379766,Y,C,54,Email
UC02381507,N,C,54,Direct Mail
UC02384667,N,C,15,Direct Mail
UC02415305,N,C,15,Direct Mail
UC02450245,N,C,15,Direct Mail
UC02473486,N,C,7,Direct Mail
UC02483972,N,C,7,Direct Mail
UC02490811,N,C,7,Direct Mail
UC02516839,N,C,14,Web
UC02520435,N,C,54,Email
UC02520500,N,C,54,Direct Mail
UC02529287,N,C,16,Email
UC02550465,N,C,16,Direct Mail
UC02552065,N,C,16,Direct Mail
UC02569663,N,C,16,Direct Mail
UC02572469,N,C,15,Direct Mail
UC02572568,N,C,16,Direct Mail
UC02573889,N,C,17,Direct Mail
UC02574044,N,C,14,Web
UC02588796,N,C,54,Direct Mail
UC02634681,N,C,11,Email
UC02662898,N,C,17,Direct Mail
UC02682466,N,C,54,Direct Mail
UC02688356,N,C,11,Direct Mail
UC02690162,Y,C,11,Web
UC02691673,N,C,1,Web
UC02698843,N,C,11,Web
UC02705697,N,C,1,Direct Mail
UC02713493,N,C,54,Email
UC02719870,N,C,1,Web
UC02726537,N,C,1,Email
UC02750024,N,C,14,Email
UC02763001,N,C,54,Email
UC02770980,N,C,1,Email
UC02773752,N,C,54,Direct Mail
UC02783850,N,C,1,Direct Mail
UC02795847,N,C,54,Direct Mail
UC02801983,N,C,7,Web
UC02852770,Y,C,54,Email
UC02874253,N,C,17,Email
UC02883676,N,C,14,Web
UC02907913,N,C,54,Direct Mail
UC02919496,N,C,17,Email
UC02926590,N,C,54,Direct Mail
UC02943025,N,C,14,Web
UC02945970,Y,C,1,Direct Mail
UC02999902,N,C,17,Email
UC03002250,N,C,1,Direct Mail
UC03010436,N,C,54,Email
UC03029360,N,C,17,Email
UC03057056,N,C,17,Email
UC03066701,N,C,11,Direct Mail
UC03084530,N,C,1,Direct Mail
UC03085685,N,C,11,Email
UC03144425,N,C,7,Direct Mail
UC03150430,N,C,7,Web
UC03158078,N,C,7,Email
UC03189925,N,C,17,Web
UC03196417,N,C,54,Web
UC03237039,N,C,14,Email
UC03247053,N,C,7,Web
UC03287588,N,C,7,Email
UC03297751,N,C,54,Web
UC03314960,N,C,1,Email
UC03352184,N,C,17,Email
UC03352432,N,C,1,Direct Mail
UC03355641,N,C,17,Direct Mail
UC03358553,N,C,7,Email
UC03390366,N,C,1,Email
UC03402948,N,C,15,Web
UC03427440,Y,C,16,Web
UC03456100,N,C,54,Direct Mail
UC03466133,N,C,1,Direct Mail
UC03467081,N,C,11,Direct Mail
UC03474566,N,C,15,Web
UC03484292,Y,C,1,Email
UC03485943,N,C,1,Web
UC03494168,N,C,11,Direct Mail
UC03554771,N,C,56,Email
UC03558186,N,C,56,Web
UC03563087,N,C,54,Email
UC03593647,N,C,54,Direct Mail
UC03596715,N,C,56,Web
UC03598687,N,C,54,Email
UC03600491,N,C,54,Email
UC03602513,N,C,54,Web
UC03604675,N,C,7,Direct Mail
UC03607827,N,C,14,Email
UC03609450,N,C,14,Web
UC03620358,N,C,56,Email
UC03642972,N,C,56,Email
UC03644804,N,C,56,Direct Mail
UC03657509,N,C,54,Email
UC03674587,N,C,54,Email
UC03705159,N,C,14,Web
UC03710902,N,C,54,Email
UC03754231,N,C,7,Direct Mail
UC03765534,N,C,1,Email
UC03771813,N,C,7,Direct Mail
UC03786324,N,C,14,Direct Mail
UC03791233,N,C,7,Web
UC03792959,N,C,7,Web
UC03800612,N,C,7,Direct Mail
UC03808235,N,C,54,Email
UC03822830,N,C,11,Web
UC03824596,N,C,11,Direct Mail
UC03852134,N,C,11,Direct Mail
UC03860517,N,C,14,Email
UC03873650,N,C,14,Email
UC03900768,N,C,1,Direct Mail
UC03916400,N,C,1,Direct Mail
UC03963741,N,C,11,Direct Mail
UC03989746,Y,C,1,Web
UC04043543,N,C,5,Email
UC04052973,N,C,7,Email
UC04069738,N,C,5,Direct Mail
UC04071528,N,C,5,Email
UC04080420,N,C,5,Direct Mail
UC04086567,N,C,7,Direct Mail
UC04095683,N,C,14,Email
UC04100871,N,C,57,Email
UC04104352,N,C,57,Email
UC04111100,N,C,14,Direct Mail
UC04114203,N,C,54,Direct Mail
UC04135166,N,C,54,Email
UC04142444,N,C,14,Web
UC04152922,N,C,54,Email
UC04161071,N,C,5,Email
UC04165908,N,C,54,Direct Mail
UC04168118,N,C,5,Email
UC04174108,N,C,7,Direct Mail
UC04178489,N,C,5,Web
UC04204772,N,C,5,Direct Mail
UC04205886,N,C,14,Web
UC04211629,N,C,11,Email
UC04212569,N,C,11,Email
UC04226619,Y,C,7,Direct Mail
UC04227203,N,C,54,Direct Mail
UC04232989,Y,C,5,Direct Mail
UC04255196,N,C,1,Direct Mail
UC04261053,N,C,5,Direct Mail
UC04270468,N,C,14,Email
UC04276325,Y,C,1,Direct Mail
UC04288957,N,C,1,Email
UC04289898,N,C,7,Web
UC04331963,Y,C,1,Email
UC04372785,N,C,1,Direct Mail
UC04380143,N,C,5,Direct Mail
UC04386801,N,C,1,Email
UC04389052,N,C,5,Direct Mail
UC04410973,N,C,7,Web
UC04424909,N,C,54,Web
UC04427761,Y,C,11,Web
UC04440715,N,C,1,Direct Mail
UC04448494,N,C,1,Email
UC04472775,Y,C,11,Direct Mail
UC04496121,N,C,57,Direct Mail
UC04500328,N,C,1,Web
UC04504890,N,C,57,Email
UC04529103,N,C,1,Direct Mail
UC04578241,N,C,11,Web
UC04588901,N,C,14,Email
UC04614830,N,C,54,Direct Mail
UC04616348,N,C,54,Email
UC04627808,N,C,7,Email
UC04631552,N,C,54,Email
UC04640611,N,C,7,Email
UC04652830,N,C,7,Email
UC04657714,N,C,11,Email
UC04662367,N,C,7,Direct Mail
UC04663324,N,C,11,Web
UC04681870,N,C,54,Direct Mail
UC04710828,N,C,14,Email
UC04718557,N,C,54,Direct Mail
UC04728010,N,C,1,Email
UC04732418,Y,C,1,Direct Mail
UC04732624,N,C,11,Direct Mail
UC04740023,N,C,1,Email
UC04755773,Y,C,1,Email
UC04775409,N,C,7,Web
UC04775581,N,C,14,Direct Mail
UC04781365,N,C,11,Direct Mail
UC04792339,N,C,7,Web
UC04810677,N,C,11,Direct Mail
UC04816930,N,C,14,Email
UC04862991,N,C,14,Direct Mail
UC04877940,N,C,54,Direct Mail
UC04905022,N,C,11,Direct Mail
UC04906210,N,C,54,Email
UC04906780,N,C,11,Email
UC04917456,N,C,1,Direct Mail
UC04958211,N,C,1,Email
UC04968244,N,C,11,Email
UC04973277,N,C,1,Direct Mail
UC04979548,N,C,11,Email
UC05023189,N,C,54,Web
UC05024393,N,C,54,Web
UC05026273,N,C,54,Direct Mail
UC05062427,N,C,11,Direct Mail
UC05062849,N,C,54,Email
UC05068317,N,C,11,Direct Mail
UC05076369,N,C,54,Email
UC05097118,N,C,54,Web
UC05118633,N,C,54,Direct Mail
UC05128566,N,C,54,Email
UC05129903,N,C,7,Direct Mail
UC05132931,N,C,54,Web
UC05139001,N,C,7,Direct Mail
UC05148192,N,C,54,Web
UC05150453,N,C,11,Direct Mail
UC05164876,N,C,14,Direct Mail
UC05195003,N,C,11,Direct Mail
UC05200845,N,C,54,Direct Mail
UC05204177,N,C,54,Email
UC05207303,N,C,11,Direct Mail
UC05208988,N,C,54,Direct Mail
UC05212097,N,C,54,Direct Mail
UC05263629,N,C,11,Web
UC05271101,N,C,14,Direct Mail
UC05283940,N,C,54,Email
UC05308705,N,C,11,Web
UC05317870,N,C,54,Email
UC05334057,Y,C,4,Email
UC05335294,N,C,11,Direct Mail
UC05343561,N,C,54,Web
UC05347414,N,C,11,Direct Mail
UC05354709,N,C,54,Direct Mail
UC05369376,N,C,4,Email
UC05371182,N,C,4,Direct Mail
UC05371505,N,C,11,Email
UC05374145,N,C,11,Web
UC05386891,N,C,11,Web
UC05451240,N,C,54,Direct Mail
UC05453212,N,C,1,Direct Mail
UC05458005,N,C,54,Web
UC05496971,N,C,7,Direct Mail
UC05496997,N,C,7,Web
UC05511639,N,C,14,Web
UC05529417,N,C,14,Email
UC05531595,N,C,11,Direct Mail
UC05540240,N,C,11,Email
UC05541891,N,C,1,Web
UC05562657,N,C,11,Web
UC05576426,N,C,7,Email
UC05623517,N,C,11,Web
UC05634688,N,C,14,Email
UC05658935,N,C,11,Email
UC05664594,N,C,14,Email
UC05665542,N,C,14,Direct Mail
UC05668439,N,C,7,Email
UC05691910,Y,C,11,Web
UC05692801,N,C,54,Email
UC05841952,Y,C,4,Email
UC05858444,N,C,54,Direct Mail
UC05862941,N,C,4,Email
UC05869946,N,C,4,Web
UC05873963,N,C,54,Direct Mail
UC05875232,N,C,4,Email
UC05899760,N,C,5,Direct Mail
UC05918123,N,C,7,Email
UC05946892,N,C,5,Web
UC05948740,Y,C,5,Direct Mail
UC05966338,N,C,54,Direct Mail
UC05977798,N,C,11,Direct Mail
UC05978473,N,C,7,Email
UC05993431,N,C,11,Direct Mail
UC06002778,N,C,5,Direct Mail
UC06003156,Y,C,11,Email
UC06013841,N,C,7,Email
UC06014377,N,C,54,Email
UC06016950,N,C,11,Direct Mail
UC06017743,N,C,7,Direct Mail
UC06024863,N,C,54,Direct Mail
UC06035679,N,C,7,Email
UC06037675,N,C,5,Web
UC06056758,Y,C,5,Email
UC06056998,N,C,11,Email
UC06058572,N,C,54,Web
UC06064661,N,C,56,Direct Mail
UC06068050,N,C,56,Email
UC06069876,N,C,56,Direct Mail
UC06082671,N,C,1,Direct Mail
UC06106553,N,C,57,Email
UC06116933,Y,C,56,Direct Mail
UC06118087,N,C,54,Email
UC06121909,N,C,1,Email
UC06122667,N,C,54,Email
UC06125918,N,C,11,Email
UC06143010,N,C,57,Email
UC06154132,N,C,1,Email
UC06180616,N,C,54,Direct Mail
UC06220594,N,C,54,Web
UC06225874,N,C,54,Direct Mail
UC06238687,N,C,11,Email
UC06242689,N,C,11,Email
UC06250633,N,C,1,Direct Mail
UC06258131,N,C,11,Email
UC06266423,N,C,11,Email
UC06272678,N,C,54,Email
UC06273478,N,C,11,Direct Mail
UC06289722,N,C,11,Direct Mail
UC06324560,Y,C,1,Email
UC06372924,N,C,56,Email
UC06379424,N,C,54,Email
UC06391106,N,C,54,Direct Mail
UC06417323,N,C,14,Email
UC06424089,N,C,14,Email
UC06459507,N,C,14,Direct Mail
UC06470710,N,C,14,Email
UC06481634,N,C,7,Email
UC06483820,N,C,7,Web
UC06493720,N,C,1,Email
UC06503353,N,C,1,Email
UC06516009,N,C,54,Direct Mail
UC06527162,N,C,11,Email
UC06530810,N,C,54,Email
UC06541072,N,C,7,Web
UC06541825,N,C,7,Email
UC06605216,N,C,54,Direct Mail
UC06625040,N,C,17,Direct Mail
UC06644769,N,C,14,Email
UC06649289,N,C,17,Direct Mail
UC06676621,N,C,7,Email
UC06678775,N,C,11,Email
UC06695753,N,C,14,Web
UC06706592,N,C,14,Email
UC06712517,N,C,17,Direct Mail
UC06738298,N,C,17,Email
UC06756142,N,C,14,Email
UC06762199,N,C,56,Direct Mail
UC06786867,N,C,17,Direct Mail
UC06788699,N,C,17,Email
UC06792105,N,C,17,Email
UC06800395,N,C,17,Email
UC06800841,N,C,17,Email
UC06817654,N,C,56,Email
UC06817779,N,C,17,Direct Mail
UC06819858,N,C,17,Direct Mail
UC06827463,N,C,1,Direct Mail
UC06829451,N,C,11,Web
UC06845499,N,C,56,Direct Mail
UC06881833,N,C,7,Email
UC06913289,N,C,11,Web
UC06951180,N,C,7,Email
UC06955389,N,C,17,Direct Mail
UC06960371,Y,C,11,Direct Mail
UC06962328,N,C,17,Direct Mail
UC06981013,N,C,11,Direct Mail
UC06987333,N,C,11,Email
UC07025497,N,C,17,Direct Mail
UC07042195,N,C,7,Direct Mail
UC07069644,N,C,7,Email
UC07084734,N,C,11,Web
UC07095169,N,C,17,Web
UC07132756,Y,C,7,Direct Mail
UC07135270,N,C,17,Email
UC07145923,N,C,11,Email
UC07160542,N,C,17,Email
UC07167380,N,C,1,Direct Mail
UC07188949,N,C,7,Email
UC07202187,N,C,1,Direct Mail
UC07205503,N,C,1,Email
UC07237001,N,C,6,Email
UC07251218,N,C,17,Direct Mail
UC07252562,N,C,1,Web
UC07267271,N,C,17,Direct Mail
UC07270960,Y,C,1,Web
UC07282841,N,C,17,Email
UC07289929,N,C,17,Email
UC07306053,N,C,11,Email
UC07310618,N,C,7,Email
UC07311426,N,C,11,Direct Mail
UC07324965,N,C,17,Direct Mail
UC07335680,N,C,54,Email
UC07349293,N,C,17,Email
UC07366271,N,C,54,Email
UC07374341,N,C,7,Web
UC07395320,N,C,7,Email
UC07396104,N,C,14,Email
UC07407034,N,C,7,Web
UC07414253,N,C,14,Web
UC07417769,N,C,14,Direct Mail
UC07428618,N,C,1,Direct Mail
UC07432917,N,C,1,Direct Mail
UC07433584,N,C,7,Direct Mail
UC07441652,N,C,54,Direct Mail
UC07456296,N,C,56,Direct Mail
UC07522535,N,C,17,Email
UC07532120,Y,C,11,Web
UC07537558,N,C,56,Web
UC07545635,N,C,54,Email
UC07549926,N,C,54,Email
UC07574643,N,C,17,Direct Mail
UC07576911,N,C,14,Email
UC07590896,N,C,1,Direct Mail
UC07601362,N,C,1,Email
UC07619570,N,C,56,Web
UC07622889,N,C,14,Web
UC07628852,N,C,17,Direct Mail
UC07630692,N,C,17,Email
UC07631047,N,C,54,Direct Mail
UC07631435,N,C,11,Email
UC07639396,N,C,17,Direct Mail
UC07654932,N,C,17,Direct Mail
UC07673700,N,C,1,Direct Mail
UC07678030,N,C,11,Direct Mail
UC07678675,N,C,14,Web
UC07691512,N,C,54,Direct Mail
UC07695620,N,C,11,Direct Mail
UC07721640,N,C,14,Email
UC07734569,N,C,11,Direct Mail
UC07735699,N,C,54,Email
UC07782394,N,C,11,Direct Mail
UC07788136,N,C,11,Direct Mail
UC07799695,N,C,54,Email
UC07802119,N,C,11,Email
UC07805484,N,C,11,Email
UC07817067,N,C,14,Email
UC07854029,N,C,17,Email
UC07885783,N,C,54,Email
UC07886948,N,C,14,Web
UC07889645,N,C,11,Web
UC07890254,N,C,14,Email
UC07895360,N,C,57,Email
UC07896913,N,C,57,Web
UC07899859,N,C,11,Email
UC07900046,N,C,11,Direct Mail
UC07919442,N,C,54,Email
UC07923048,N,C,56,Direct Mail
UC07924715,N,C,11,Email
UC07947476,N,C,57,Email
UC07951163,N,C,57,Direct Mail
UC07956329,N,C,57,Email
UC07960438,Y,C,54,Web
UC08014573,N,C,11,Direct Mail
UC08017873,N,C,11,Web
UC08019150,N,C,11,Email
UC08032179,N,C,11,Email
UC08082588,N,C,54,Direct Mail
UC08166092,N,C,54,Direct Mail
UC08214140,N,C,11,Web
UC08215733,Y,C,11,Direct Mail
UC08224313,N,C,14,Email
UC08256935,N,C,54,Direct Mail
UC08258410,N,C,1,Web
UC08262040,N,C,54,Direct Mail
UC08274896,N,C,11,Email
UC08285512,N,C,11,Email
UC08294027,N,C,1,Web
UC08295446,N,C,54,Web
UC08356834,Y,C,11,Email
UC08365900,N,C,14,Direct Mail
UC08388126,N,C,14,Direct Mail
UC08389967,N,C,14,Email
UC08407389,N,C,1,Web
UC08430498,N,C,1,Direct Mail
UC08430548,N,C,1,Web
UC08442808,N,C,7,Direct Mail
UC08455875,N,C,1,Web
UC08472151,N,C,11,Email
UC08478372,N,C,7,Direct Mail
UC08493710,N,C,11,Web
UC08500001,N,C,54,Direct Mail
UC08513061,N,C,11,Email
UC08548166,Y,C,1,Web
UC08553505,N,C,54,Direct Mail
UC08571374,N,C,1,Email
UC08572422,N,C,54,Email
UC08573412,N,C,7,Direct Mail
UC08574477,N,C,57,Direct Mail
UC08590234,N,C,57,Email
UC08590747,N,C,54,Direct Mail
UC08600587,N,C,57,Direct Mail
UC08603268,N,C,54,Web
UC08621385,Y,C,57,Email
UC08622474,N,C,54,Email
UC08626095,N,C,54,Direct Mail
UC08628836,N,C,11,Email
UC08631152,N,C,54,Email
UC08631178,N,C,54,Email
UC08658528,N,C,11,Email
UC08659294,N,C,15,Direct Mail
UC08694275,N,C,15,Email
V110065448,N,E,47,Email
V110090123,N,E,47,Direct Mail
V110092061,N,E,53,Email
V110095601,N,E,53,Direct Mail
V110113099,N,E,51,Email
V110144847,N,E,51,Email
V110146404,N,E,51,Direct Mail
V110182565,N,E,12,Email
V110188745,N,E,49,Direct Mail
V110197274,N,E,47,Email
V110262409,N,E,53,Web
V110542917,N,E,47,Email
V110568433,N,E,51,Direct Mail
V110570959,N,E,53,Web
V110580040,N,E,12,Email
V110581956,N,E,12,Direct Mail
V110605151,N,E,51,Web
V110607298,N,E,51,Direct Mail
V110609765,N,E,51,Direct Mail
V110612512,N,E,48,Email
V110615887,N,E,12,Direct Mail
V110621133,N,E,12,Web
V110624244,N,E,12,Direct Mail
V110624681,N,E,12,Email
V110662764,N,E,12,Email
V110667037,N,E,49,Email
V110668217,N,E,12,Direct Mail
V110679099,N,E,51,Direct Mail
V110684941,N,E,12,Web
V110686706,Y,E,51,Direct Mail
V110712825,N,E,12,Web
V110721537,N,E,12,Direct Mail
V110767696,N,E,12,Email
V110772431,N,E,51,Direct Mail
V110792405,N,E,53,Direct Mail
V110795010,N,E,51,Email
V110797420,N,E,51,Direct Mail
V110815453,N,E,12,Direct Mail
V110815651,N,E,51,Direct Mail
V110819158,N,E,12,Web
V110821907,N,E,12,Direct Mail
V110825650,N,E,12,Email
V110835626,N,E,25,Direct Mail
V110847589,N,E,47,Email
V110853736,N,E,51,Web
V110861077,N,E,12,Direct Mail
V110861317,N,E,12,Email
V110861440,N,E,12,Email
V110862273,N,E,51,Direct Mail
V110869294,N,E,53,Email
V110871399,N,E,37,Web
V110876539,N,E,12,Email
V110885902,N,E,12,Web
V110908050,N,E,51,Direct Mail
V110915287,N,E,51,Email
V110916699,N,E,12,Direct Mail
V110917010,N,E,53,Email
V110922259,N,E,12,Web
V110922465,N,E,53,Direct Mail
V110928041,N,E,12,Email
V110928140,N,E,53,Direct Mail
V110928173,N,E,53,Direct Mail
V110934072,N,E,51,Direct Mail
V110934429,N,E,12,Email
V110934676,Y,E,51,Direct Mail
V110935434,N,E,12,Direct Mail
V110938362,N,E,51,Direct Mail
V110942026,N,E,12,Email
V110951399,N,E,12,Direct Mail
V110952900,N,E,12,Email
V110957768,N,E,12,Email
V110962966,N,E,47,Direct Mail
V110966231,N,E,12,Direct Mail
V110966322,N,E,12,Direct Mail
V110971637,N,E,51,Email
V110972130,N,E,12,Direct Mail
V110974920,N,E,51,Direct Mail
V110975109,N,E,51,Email
V110984903,N,E,12,Web
V110985959,N,E,51,Email
V111008389,N,E,38,Email
V111010823,N,E,12,Web
V111020715,N,E,12,Web
V111022596,N,E,12,Direct Mail
V111030755,N,E,50,Email
V111035127,N,E,12,Web
V111062048,N,E,12,Email
V111066171,N,E,51,Web
V111072799,N,E,51,Direct Mail
V111085916,N,E,47,Email
V111105144,N,E,12,Email
V111129078,N,E,47,Email
V111140224,N,E,53,Email
V111207817,N,E,12,Direct Mail
V111278214,N,E,47,Direct Mail
V111322780,N,E,51,Direct Mail
V111329603,N,E,51,Email
V111330353,N,E,12,Email
V111332318,N,E,12,Email
V111345328,N,E,51,Email
V111373742,N,E,12,Email
V111377255,N,E,12,Direct Mail